t,y0,y1,y2,y3,y4,y5,y6,y7,y8,y9,y10,y11,y12,y13,y14,y15,y16,y17,y18,y19,y20,y21,y22,y23,norm_v,norm_plus,norm_minus,trilinear
0.00000000000000000e+00,1.00000000000000000e+00,0.00000000000000000e+00,0.00000000000000000e+00,0.00000000000000000e+00,0.00000000000000000e+00,0.00000000000000000e+00,0.00000000000000000e+00,0.00000000000000000e+00,1.00000000000000000e+00,0.00000000000000000e+00,0.00000000000000000e+00,0.00000000000000000e+00,0.00000000000000000e+00,0.00000000000000000e+00,0.00000000000000000e+00,0.00000000000000000e+00,1.00000000000000000e+00,0.00000000000000000e+00,0.00000000000000000e+00,0.00000000000000000e+00,0.00000000000000000e+00,0.00000000000000000e+00,0.00000000000000000e+00,0.00000000000000000e+00,1.00000000000000000e+00,1.00000000000000000e+00,1.00000000000000000e+00,1.00000000000000000e+00
1.00000000000000006e-01,9.99800002853839187e-01,-1.99994323769385092e-02,0.00000000000000000e+00,0.00000000000000000e+00,1.51663275257443101e-04,-4.96593250234824968e-07,0.00000000000000000e+00,0.00000000000000000e+00,1.00001585205213517e+00,5.04909714758646627e-03,0.00000000000000000e+00,0.00000000000000000e+00,1.22939447013523117e-04,-7.56191926608339345e-03,0.00000000000000000e+00,0.00000000000000000e+00,9.99916853213772439e-01,1.49505152616953886e-02,0.00000000000000000e+00,0.00000000000000000e+00,-1.23343937724084080e-04,7.56412798532533730e-03,0.00000000000000000e+00,0.00000000000000000e+00,9.99999999999940825e-01,1.00000000000046962e+00,1.00000000000161782e+00,1.00000000000101386e+00
2.00000000000000011e-01,9.99200044648138497e-01,-3.99955860297265681e-02,0.00000000000000000e+00,0.00000000000000000e+00,6.13279810546491682e-04,-3.94432480415559006e-06,0.00000000000000000e+00,0.00000000000000000e+00,1.00006437883034272e+00,1.01928486828226379e-02,0.00000000000000000e+00,0.00000000000000000e+00,4.83531079954238369e-04,-1.52453983337788295e-02,0.00000000000000000e+00,0.00000000000000000e+00,9.99672397608404872e-01,2.98041182517512597e-02,0.00000000000000000e+00,0.00000000000000000e+00,-4.86674726084078586e-04,1.52627374507698244e-02,0.00000000000000000e+00,0.00000000000000000e+00,9.99999999999019562e-01,9.99999999996929123e-01,9.99999999998120837e-01,9.99999999997034927e-01
3.00000000000000044e-01,9.98200220857601184e-01,-5.99855360360700696e-02,0.00000000000000000e+00,0.00000000000000000e+00,1.39473298452734624e-03,-1.32122660812291154e-05,0.00000000000000000e+00,0.00000000000000000e+00,1.00014716358128974e+00,1.54261144467713190e-02,0.00000000000000000e+00,0.00000000000000000e+00,1.06946938930025867e-03,-2.30471270386249580e-02,0.00000000000000000e+00,0.00000000000000000e+00,9.99274259451047864e-01,4.45638824161630684e-02,0.00000000000000000e+00,0.00000000000000000e+00,-1.07978473664367084e-03,2.31045295148269506e-02,0.00000000000000000e+00,0.00000000000000000e+00,9.99999999999036215e-01,9.99999999997114863e-01,9.99999999998262612e-01,9.99999999997206568e-01
4.00000000000000022e-01,9.96800681520621956e-01,-7.99667524478563652e-02,0.00000000000000000e+00,0.00000000000000000e+00,2.50583569122499487e-03,-3.10721300014890422e-05,0.00000000000000000e+00,0.00000000000000000e+00,1.00026593680252840e+00,2.07439958768629480e-02,0.00000000000000000e+00,0.00000000000000000e+00,1.86849431385300137e-03,-3.09639536259002333e-02,0.00000000000000000e+00,0.00000000000000000e+00,9.98730241746455305e-01,5.92328568004202097e-02,0.00000000000000000e+00,0.00000000000000000e+00,-1.89228711706500600e-03,3.10973689366791060e-02,0.00000000000000000e+00,0.00000000000000000e+00,9.99999999999044320e-01,9.99999999997230993e-01,9.99999999998354872e-01,9.99999999997315259e-01
5.00000000000000000e-01,9.95001623243737199e-01,-9.99371100670299883e-02,0.00000000000000000e+00,0.00000000000000000e+00,3.95633724066129459e-03,-6.01897844474490513e-05,0.00000000000000000e+00,0.00000000000000000e+00,1.00042254947838871e+00,2.61418545846825341e-02,0.00000000000000000e+00,0.00000000000000000e+00,2.86839029579879275e-03,-3.89929019935203111e-02,0.00000000000000000e+00,0.00000000000000000e+00,9.98048297354370839e-01,7.38140542716344411e-02,0.00000000000000000e+00,0.00000000000000000e+00,-2.91365057938351322e-03,3.92483006247916211e-02,0.00000000000000000e+00,0.00000000000000000e+00,9.99999999999049760e-01,9.99999999997200462e-01,9.99999999998341660e-01,9.99999999997295719e-01
6.00000000000000089e-01,9.92803281009411509e-01,-1.19894898096267646e-01,0.00000000000000000e+00,0.00000000000000000e+00,5.75593089284567698e-03,-1.03116894363633086e-04,0.00000000000000000e+00,0.00000000000000000e+00,1.00061894789756689e+00,3.16153302623767701e-02,0.00000000000000000e+00,0.00000000000000000e+00,4.05698509399133028e-03,-4.71311879104067410e-02,0.00000000000000000e+00,0.00000000000000000e+00,9.97236503061566748e-01,8.83104376595227614e-02,0.00000000000000000e+00,0.00000000000000000e+00,-4.13323258108563591e-03,4.75635661834019133e-02,0.00000000000000000e+00,0.00000000000000000e+00,9.99999999999029776e-01,9.99999999997333910e-01,9.99999999998426370e-01,9.99999999997395195e-01
7.00000000000000067e-01,9.90205919792487510e-01,-1.39838829678995746e-01,0.00000000000000000e+00,0.00000000000000000e+00,7.91426202477618634e-03,-1.62282692504113111e-04,0.00000000000000000e+00,0.00000000000000000e+00,1.00085715004995368e+00,3.71603579224631109e-02,0.00000000000000000e+00,0.00000000000000000e+00,5.42214830092727952e-03,-5.53762342286229781e-02,0.00000000000000000e+00,0.00000000000000000e+00,9.96303034716241820e-01,1.02724904035151138e-01,0.00000000000000000e+00,0.00000000000000000e+00,-5.54031081177112309e-03,5.60486204236212288e-02,0.00000000000000000e+00,0.00000000000000000e+00,9.99999999999008349e-01,9.99999999997500444e-01,9.99999999998541833e-01,9.99999999997525202e-01
8.00000000000000044e-01,9.87209825986717360e-01,-1.59768051347946360e-01,0.00000000000000000e+00,0.00000000000000000e+00,1.04409369329358601e-02,-2.39985874372837521e-04,0.00000000000000000e+00,0.00000000000000000e+00,1.00113922358877083e+00,4.27731844904795655e-02,0.00000000000000000e+00,0.00000000000000000e+00,6.95178951764586009e-03,-6.37256851216071729e-02,0.00000000000000000e+00,0.00000000000000000e+00,9.95256143504756996e-01,1.17060267334414089e-01,0.00000000000000000e+00,0.00000000000000000e+00,-7.12411292254021972e-03,6.47081477773012448e-02,0.00000000000000000e+00,0.00000000000000000e+00,9.99999999998987366e-01,9.99999999997667532e-01,9.99999999998663736e-01,9.99999999997659428e-01
9.00000000000000022e-01,9.83815298643113789e-01,-1.79682152402164896e-01,0.00000000000000000e+00,0.00000000000000000e+00,1.33455322729457530e-02,-3.38386612370351187e-04,0.00000000000000000e+00,0.00000000000000000e+00,1.00146726534339359e+00,4.84503847764066395e-02,0.00000000000000000e+00,0.00000000000000000e+00,8.63385614915126304e-03,-7.21774193880536374e-02,0.00000000000000000e+00,0.00000000000000000e+00,9.94104133435803838e-01,1.31319239529934101e-01,0.00000000000000000e+00,0.00000000000000000e+00,-8.87384444431368533e-03,7.35460785552637802e-02,0.00000000000000000e+00,0.00000000000000000e+00,9.99999999998966493e-01,9.99999999997833844e-01,9.99999999998791855e-01,9.99999999997795874e-01
1.00000000000000000e+00,9.80022640521295063e-01,-1.99581174233480568e-01,0.00000000000000000e+00,0.00000000000000000e+00,1.66376051389765453e-02,-4.59498683391681322e-04,0.00000000000000000e+00,0.00000000000000000e+00,1.00184338236936465e+00,5.41888768565731774e-02,0.00000000000000000e+00,0.00000000000000000e+00,1.04563307900732653e-02,-8.07295628668680265e-02,0.00000000000000000e+00,0.00000000000000000e+00,9.92855340083623195e-01,1.45504410546984209e-01,0.00000000000000000e+00,0.00000000000000000e+00,-1.07787148486054359e-02,8.25656049967577327e-02,0.00000000000000000e+00,0.00000000000000000e+00,9.99999999998945954e-01,9.99999999997998823e-01,9.99999999998924305e-01,9.99999999997934430e-01
1.10000000000000009e+00,9.75832148954618672e-01,-2.19465619624643310e-01,0.00000000000000000e+00,0.00000000000000000e+00,2.03267037858498555e-02,-6.05181703233648063e-04,0.00000000000000000e+00,0.00000000000000000e+00,1.00226967452175808e+00,5.99859369037773968e-02,0.00000000000000000e+00,0.00000000000000000e+00,1.24072281771332154e-02,-8.93805000152290419e-02,0.00000000000000000e+00,0.00000000000000000e+00,9.91518110628222815e-01,1.59618227112734989e-01,0.00000000000000000e+00,0.00000000000000000e+00,-1.28279617129096416e-02,9.17691970630928749e-02,0.00000000000000000e+00,0.00000000000000000e+00,9.99999999998925970e-01,9.99999999998163025e-01,9.99999999999060751e-01,9.99999999998074651e-01
1.20000000000000018e+00,9.71244106529442930e-01,-2.39336462042526815e-01,0.00000000000000000e+00,0.00000000000000000e+00,2.44223789973154227e-02,-7.77133460291091864e-04,0.00000000000000000e+00,0.00000000000000000e+00,1.00274821853818752e+00,6.58392135088436414e-02,0.00000000000000000e+00,0.00000000000000000e+00,1.44745916912069460e-02,-9.81288847079146848e-02,0.00000000000000000e+00,0.00000000000000000e+00,9.90100785217900792e-01,1.73662970721190940e-01,0.00000000000000000e+00,0.00000000000000000e+00,-1.50108729607898381e-02,1.01158617935239836e-01,0.00000000000000000e+00,0.00000000000000000e+00,9.99999999998905986e-01,9.99999999998325118e-01,9.99999999999200195e-01,9.99999999998215872e-01
1.30000000000000004e+00,9.66258771578370701e-01,-2.59195154950996320e-01,0.00000000000000000e+00,0.00000000000000000e+00,2.89341961046044316e-02,-9.76882340149342384e-04,0.00000000000000000e+00,0.00000000000000000e+00,1.00328105361810516e+00,7.17467415419049265e-02,0.00000000000000000e+00,0.00000000000000000e+00,1.66464893974456324e-02,-1.06973650321883343e-01,0.00000000000000000e+00,0.00000000000000000e+00,9.88611679667699250e-01,1.87640734889153477e-01,0.00000000000000000e+00,0.00000000000000000e+00,-1.73168071541873782e-02,1.10734939182600800e-01,0.00000000000000000e+00,0.00000000000000000e+00,9.99999999998886779e-01,9.99999999998488320e-01,9.99999999999341527e-01,9.99999999998358646e-01
1.40000000000000013e+00,9.60876368486823118e-01,-2.79043641169245460e-01,0.00000000000000000e+00,0.00000000000000000e+00,3.38717476600331885e-02,-1.20577983180520038e-03,0.00000000000000000e+00,0.00000000000000000e+00,1.00387016848556176e+00,7.77069556063969824e-02,0.00000000000000000e+00,0.00000000000000000e+00,1.89110096170429474e-02,-1.15914019175678937e-01,0.00000000000000000e+00,0.00000000000000000e+00,9.87059069496646568e-01,2.01553401871497395e-01,0.00000000000000000e+00,0.00000000000000000e+00,-1.97352118224225284e-02,1.20498555578057387e-01,0.00000000000000000e+00,0.00000000000000000e+00,9.99999999998867795e-01,9.99999999998649192e-01,9.99999999999484857e-01,9.99999999998501421e-01
1.50000000000000000e+00,9.55097077811769002e-01,-2.98884362302627382e-01,0.00000000000000000e+00,0.00000000000000000e+00,3.92446667711693273e-02,-1.46499310537151852e-03,0.00000000000000000e+00,0.00000000000000000e+00,1.00451748992337242e+00,8.37187031430859235e-02,0.00000000000000000e+00,0.00000000000000000e+00,2.12562560288275977e-02,-1.24949511398568650e-01,0.00000000000000000e+00,0.00000000000000000e+00,9.85451175296846116e-01,2.15402618997001388e-01,0.00000000000000000e+00,0.00000000000000000e+00,-2.22556398188063949e-02,1.30449199542689881e-01,0.00000000000000000e+00,0.00000000000000000e+00,9.99999999998849809e-01,9.99999999998808620e-01,9.99999999999629852e-01,9.99999999998643974e-01
1.60000000000000009e+00,9.48921026210878038e-01,-3.18720268274238772e-01,0.00000000000000000e+00,0.00000000000000000e+00,4.50626411018785339e-02,-1.75549765024040965e-03,0.00000000000000000e+00,0.00000000000000000e+00,1.00522487276757655e+00,8.97812572454643187e-02,0.00000000000000000e+00,0.00000000000000000e+00,2.36703423029228643e-02,-1.34079953309441308e-01,0.00000000000000000e+00,0.00000000000000000e+00,9.83796149418651789e-01,2.29189774778983113e-01,0.00000000000000000e+00,0.00000000000000000e+00,-2.48677637017040466e-02,1.40585955212136016e-01,0.00000000000000000e+00,0.00000000000000000e+00,9.99999999998832045e-01,9.99999999998967160e-01,9.99999999999774847e-01,9.99999999998787081e-01
1.70000000000000018e+00,9.42348276179790001e-01,-3.38554826986764867e-01,0.00000000000000000e+00,0.00000000000000000e+00,5.13354275474420807e-02,-2.07806996179618142e-03,0.00000000000000000e+00,0.00000000000000000e+00,1.00599409135229823e+00,9.58943292515634649e-02,0.00000000000000000e+00,0.00000000000000000e+00,2.61413862722575871e-02,-1.43305485390420290e-01,0.00000000000000000e+00,0.00000000000000000e+00,9.82102063948334547e-01,2.42915974948084007e-01,0.00000000000000000e+00,0.00000000000000000e+00,-2.75613881422841038e-02,1.50907272125327091e-01,0.00000000000000000e+00,0.00000000000000000e+00,9.99999999998815281e-01,9.99999999999124034e-01,9.99999999999919509e-01,9.99999999998929412e-01
1.80000000000000004e+00,9.35378815594588242e-01,-3.58392034145363247e-01,0.00000000000000000e+00,0.00000000000000000e+00,5.80728675918788656e-02,-2.43328026388020535e-03,0.00000000000000000e+00,0.00000000000000000e+00,1.00682683239653370e+00,1.02058081180689958e-01,0.00000000000000000e+00,0.00000000000000000e+00,2.86575036507434600e-02,-1.52626569944911250e-01,0.00000000000000000e+00,0.00000000000000000e+00,9.80376899947809632e-01,2.56582018547767077e-01,0.00000000000000000e+00,0.00000000000000000e+00,-3.03264603660626623e-02,1.61410978545223766e-01,0.00000000000000000e+00,0.00000000000000000e+00,9.99999999998799516e-01,9.99999999999280687e-01,1.00000000000006306e+00,9.99999999999071854e-01
1.90000000000000013e+00,9.28012547055940273e-01,-3.78236423273656752e-01,0.00000000000000000e+00,0.00000000000000000e+00,6.52849033566188508e-02,-2.82148525331556805e-03,0.00000000000000000e+00,0.00000000000000000e+00,1.00772468932603898e+00,1.08273138086832810e-01,0.00000000000000000e+00,0.00000000000000000e+00,3.12068013094584928e-02,-1.62043998534436462e-01,0.00000000000000000e+00,0.00000000000000000e+00,9.78628537920161246e-01,2.70188374226451811e-01,0.00000000000000000e+00,0.00000000000000000e+00,-3.31530786397081015e-02,1.72094294430084505e-01,0.00000000000000000e+00,0.00000000000000000e+00,9.99999999998784972e-01,9.99999999999435785e-01,1.00000000000020628e+00,9.99999999999213851e-01
2.00000000000000000e+00,9.20249277030708912e-01,-3.98093075956220677e-01,0.00000000000000000e+00,0.00000000000000000e+00,7.29815943507624021e-02,-3.24282085189572236e-03,0.00000000000000000e+00,0.00000000000000000e+00,1.00868915802538872e+00,1.14540600403557000e-01,0.00000000000000000e+00,0.00000000000000000e+00,3.37773701242048835e-02,-1.71558899293148215e-01,0.00000000000000000e+00,0.00000000000000000e+00,9.76864749459857684e-01,2.83735156853729298e-01,0.00000000000000000e+00,0.00000000000000000e+00,-3.60314988184374171e-02,1.82953844082679701e-01,0.00000000000000000e+00,0.00000000000000000e+00,9.99999999998771094e-01,9.99999999999590994e-01,1.00000000000034839e+00,9.99999999999355182e-01
2.10000000000000009e+00,9.12088704786161886e-01,-4.17967632342297779e-01,0.00000000000000000e+00,0.00000000000000000e+00,8.11731349343216696e-02,-3.69719495033186008e-03,0.00000000000000000e+00,0.00000000000000000e+00,1.00972163401735737e+00,1.20862056358137668e-01,0.00000000000000000e+00,0.00000000000000000e+00,3.63572774093422410e-02,-1.81172744223393856e-01,0.00000000000000000e+00,0.00000000000000000e+00,9.75093190042717994e-01,2.97222104581798430e-01,0.00000000000000000e+00,0.00000000000000000e+00,-3.89521389727202211e-02,1.93985668513626724e-01,0.00000000000000000e+00,0.00000000000000000e+00,9.99999999998758216e-01,9.99999999999744760e-01,1.00000000000048894e+00,9.99999999999495737e-01
2.20000000000000018e+00,9.03530411111193921e-01,-4.37866301946849390e-01,0.00000000000000000e+00,0.00000000000000000e+00,8.98698725070788268e-02,-4.18428012773095544e-03,0.00000000000000000e+00,0.00000000000000000e+00,1.01082341106912410e+00,1.27239594535555528e-01,0.00000000000000000e+00,0.00000000000000000e+00,3.89345589538438383e-02,-1.90887356580168172e-01,0.00000000000000000e+00,0.00000000000000000e+00,9.73321392907824268e-01,3.10648556467136017e-01,0.00000000000000000e+00,0.00000000000000000e+00,-4.19055821159428840e-02,2.05185237563619227e-01,0.00000000000000000e+00,0.00000000000000000e+00,9.99999999998746669e-01,9.99999999999897304e-01,1.00000000000062772e+00,9.99999999999635514e-01
2.30000000000000027e+00,8.94573846818243479e-01,-4.57795874786467216e-01,0.00000000000000000e+00,0.00000000000000000e+00,9.90823264370146589e-02,-4.70350632924298843e-03,0.00000000000000000e+00,0.00000000000000000e+00,1.01199568122731720e+00,1.33675816675816655e-01,0.00000000000000000e+00,0.00000000000000000e+00,4.14972106760835846e-02,-2.00704918456777986e-01,0.00000000000000000e+00,0.00000000000000000e+00,9.71556763981703986e-01,3.24013430761455556e-01,0.00000000000000000e+00,0.00000000000000000e+00,-4.48825770571976493e-02,2.16547461837698296e-01,0.00000000000000000e+00,0.00000000000000000e+00,9.99999999998736455e-01,1.00000000000005129e+00,1.00000000000076428e+00,9.99999999999776068e-01
2.40000000000000036e+00,8.85218321018818810e-01,-4.77763732889121884e-01,0.00000000000000000e+00,0.00000000000000000e+00,1.08821207743660109e-01,-5.25405348356796850e-03,0.00000000000000000e+00,0.00000000000000000e+00,1.01323953628666841e+00,1.40173850790936666e-01,0.00000000000000000e+00,0.00000000000000000e+00,4.40331799139382987e-02,-2.10627978688599338e-01,0.00000000000000000e+00,0.00000000000000000e+00,9.69806577794192659e-01,3.37315203975225242e-01,0.00000000000000000e+00,0.00000000000000000e+00,-4.78740374054798731e-02,2.28066704512805002e-01,0.00000000000000000e+00,0.00000000000000000e+00,9.99999999998727684e-01,1.00000000000020428e+00,1.00000000000089906e+00,9.99999999999915401e-01
2.50000000000000000e+00,8.75462989164755068e-01,-4.97777862218224065e-01,0.00000000000000000e+00,0.00000000000000000e+00,1.19097439553206966e-01,-5.83484404104940221e-03,0.00000000000000000e+00,0.00000000000000000e+00,1.01455597070000580e+00,1.46737364690902400e-01,0.00000000000000000e+00,0.00000000000000000e+00,4.65303563663820585e-02,-2.20659461196481915e-01,0.00000000000000000e+00,0.00000000000000000e+00,9.68077974335426417e-01,3.50551890811378608e-01,0.00000000000000000e+00,0.00000000000000000e+00,-5.08710387533327646e-02,2.39736793087629491e-01,0.00000000000000000e+00,0.00000000000000000e+00,9.99999999998720135e-01,1.00000000000035771e+00,1.00000000000103140e+00,1.00000000000005485e+00
2.60000000000000009e+00,8.65306840846498004e-01,-5.17846865053019245e-01,0.00000000000000000e+00,0.00000000000000000e+00,1.29922178343785111e-01,-6.44453541209865158e-03,0.00000000000000000e+00,0.00000000000000000e+00,1.01594588594043977e+00,1.53370580011053109e-01,0.00000000000000000e+00,0.00000000000000000e+00,4.89765627018563035e-02,-2.30802673896190191e-01,0.00000000000000000e+00,0.00000000000000000e+00,9.66377956804396199e-01,3.63721025061345737e-01,0.00000000000000000e+00,0.00000000000000000e+00,-5.38648140694043265e-02,2.51551031151182380e-01,0.00000000000000000e+00,0.00000000000000000e+00,9.99999999998714584e-01,1.00000000000051181e+00,1.00000000000116085e+00,1.00000000000019362e+00
2.70000000000000018e+00,8.54748687338854007e-01,-5.37979972868935175e-01,0.00000000000000000e+00,0.00000000000000000e+00,1.41306836000971353e-01,-7.08151228469178825e-03,0.00000000000000000e+00,0.00000000000000000e+00,1.01741009632995261e+00,1.60078286836678685e-01,0.00000000000000000e+00,0.00000000000000000e+00,5.13595448473153429e-02,-2.41061318305323180e-01,0.00000000000000000e+00,0.00000000000000000e+00,9.64713390201395127e-01,3.76819641550132423e-01,0.00000000000000000e+00,0.00000000000000000e+00,-5.68467473305060908e-02,2.63502210253524660e-01,0.00000000000000000e+00,0.00000000000000000e+00,9.99999999998710365e-01,1.00000000000066569e+00,1.00000000000128852e+00,1.00000000000033262e+00
2.80000000000000027e+00,8.43787148883758276e-01,-5.58187059763164073e-01,0.00000000000000000e+00,0.00000000000000000e+00,1.53263102705350568e-01,-7.74387879865467803e-03,0.00000000000000000e+00,0.00000000000000000e+00,1.01894933635212603e+00,1.66865859024281415e-01,0.00000000000000000e+00,0.00000000000000000e+00,5.36669619699665090e-02,-2.51439499984476345e-01,0.00000000000000000e+00,0.00000000000000000e+00,9.63091000719490498e-01,3.89844259211853394e-01,0.00000000000000000e+00,0.00000000000000000e+00,-5.98083654246191199e-02,2.75582621968676389e-01,0.00000000000000000e+00,0.00000000000000000e+00,9.99999999998708478e-01,1.00000000000082023e+00,1.00000000000141309e+00,1.00000000000047096e+00
2.90000000000000036e+00,8.32420641698688013e-01,-5.78478656472478314e-01,0.00000000000000000e+00,0.00000000000000000e+00,1.65802970675794664e-01,-8.42945055340036352e-03,0.00000000000000000e+00,0.00000000000000000e+00,1.02056426947044576e+00,1.73739270322966932e-01,0.00000000000000000e+00,0.00000000000000000e+00,5.58863761613380139e-02,-2.61941739955051878e-01,0.00000000000000000e+00,0.00000000000000000e+00,9.61517375893854553e-01,4.02790865371832452e-01,0.00000000000000000e+00,0.00000000000000000e+00,-6.27413283569047825e-02,2.87784070245850343e-01,0.00000000000000000e+00,0.00000000000000000e+00,9.99999999998708478e-01,1.00000000000097522e+00,1.00000000000153610e+00,1.00000000000060951e+00
3.00000000000000000e+00,8.20647364698393500e-01,-5.98865965032070680e-01,0.00000000000000000e+00,0.00000000000000000e+00,1.78938758794075503e-01,-9.13574642470239666e-03,0.00000000000000000e+00,0.00000000000000000e+00,1.02225549847753450e+00,1.80705111403893393e-01,0.00000000000000000e+00,0.00000000000000000e+00,5.80052418304039252e-02,-2.72572987242154785e-01,0.00000000000000000e+00,0.00000000000000000e+00,9.59998965472336430e-01,4.15654901306097779e-01,0.00000000000000000e+00,0.00000000000000000e+00,-6.56374177911738382e-02,3.00097884150801741e-01,0.00000000000000000e+00,0.00000000000000000e+00,9.99999999998710698e-01,1.00000000000113065e+00,1.00000000000165690e+00,1.00000000000074918e+00
3.10000000000000009e+00,8.08465285916618925e-01,-6.19360874126078098e-01,0.00000000000000000e+00,0.00000000000000000e+00,1.92683138138477067e-01,-9.85998016497670327e-03,0.00000000000000000e+00,0.00000000000000000e+00,1.02402357740473837e+00,1.87770607910704546e-01,0.00000000000000000e+00,0.00000000000000000e+00,6.00108948090606678e-02,-2.83338632697487658e-01,0.00000000000000000e+00,0.00000000000000000e+00,9.58542082976079679e-01,4.28431249143764403e-01,0.00000000000000000e+00,0.00000000000000000e+00,-6.84885239594655026e-02,3.12514931104237337e-01,0.00000000000000000e+00,0.00000000000000000e+00,9.99999999998714806e-01,1.00000000000128786e+00,1.00000000000177547e+00,1.00000000000088907e+00
3.20000000000000018e+00,7.95872128613462348e-01,-6.39975975182390244e-01,0.00000000000000000e+00,0.00000000000000000e+00,2.07049158456231369e-01,-1.05990517603960083e-02,0.00000000000000000e+00,0.00000000000000000e+00,1.02586902502576627e+00,1.94943639649482081e-01,0.00000000000000000e+00,0.00000000000000000e+00,6.18905411692641655e-02,-2.94244524264143326e-01,0.00000000000000000e+00,0.00000000000000000e+00,9.57152907925225893e-01,4.41114220172360516e-01,0.00000000000000000e+00,0.00000000000000000e+00,-7.12866309724092539e-02,3.25025630728865034e-01,0.00000000000000000e+00,0.00000000000000000e+00,9.99999999998721800e-01,1.00000000000144684e+00,1.00000000000189271e+00,1.00000000000103051e+00
3.30000000000000027e+00,7.82865357052940358e-01,-6.60724579266383505e-01,0.00000000000000000e+00,0.00000000000000000e+00,2.22050275606872127e-01,-1.13495385169782009e-02,0.00000000000000000e+00,0.00000000000000000e+00,1.02779233999255037e+00,2.02232761043073944e-01,0.00000000000000000e+00,0.00000000000000000e+00,6.36312457465833120e-02,-3.05296983852769099e-01,0.00000000000000000e+00,0.00000000000000000e+00,9.55837488711799521e-01,4.53697544600580482e-01,0.00000000000000000e+00,0.00000000000000000e+00,-7.40238005628922890e-02,3.37619969420784594e-01,0.00000000000000000e+00,0.00000000000000000e+00,9.99999999998731015e-01,1.00000000000160760e+00,1.00000000000200884e+00,1.00000000000117351e+00
3.40000000000000036e+00,7.69442161934219326e-01,-6.81620734830348241e-01,0.00000000000000000e+00,0.00000000000000000e+00,2.37700380010986034e-01,-1.21076858465617651e-02,0.00000000000000000e+00,0.00000000000000000e+00,1.02979401764616307e+00,2.09647222981780346e-01,0.00000000000000000e+00,0.00000000000000000e+00,6.52199203597759597e-02,-3.16502826006804183e-01,0.00000000000000000e+00,0.00000000000000000e+00,9.54601746109721372e-01,4.66174362827164235e-01,0.00000000000000000e+00,0.00000000000000000e+00,-7.66921542952461455e-02,3.50287515764510782e-01,0.00000000000000000e+00,0.00000000000000000e+00,9.99999999998743005e-01,1.00000000000176925e+00,1.00000000000212319e+00,1.00000000000131806e+00
3.50000000000000000e+00,7.55599445458810859e-01,-7.02679246377604372e-01,0.00000000000000000e+00,0.00000000000000000e+00,2.54013826141348653e-01,-1.28693977223092969e-02,0.00000000000000000e+00,0.00000000000000000e+00,1.03187456855050419e+00,2.17196996210421017e-01,0.00000000000000000e+00,0.00000000000000000e+00,6.66433117102235156e-02,-3.27869378543466372e-01,0.00000000000000000e+00,0.00000000000000000e+00,9.53451477420517834e-01,4.78537218258564767e-01,0.00000000000000000e+00,0.00000000000000000e+00,-7.92838542716929190e-02,3.63017436913988689e-01,0.00000000000000000e+00,0.00000000000000000e+00,9.99999999998758105e-01,1.00000000000193379e+00,1.00000000000223688e+00,1.00000000000146461e+00
3.60000000000000009e+00,7.41333806014827901e-01,-7.23915694102647334e-01,0.00000000000000000e+00,0.00000000000000000e+00,2.71005463096067378e-01,-1.36302267720582321e-02,0.00000000000000000e+00,0.00000000000000000e+00,1.03403453880159235e+00,2.24892796400868650e-01,0.00000000000000000e+00,0.00000000000000000e+00,6.78879889386360125e-02,-3.39404505366960596e-01,0.00000000000000000e+00,0.00000000000000000e+00,9.52392361262670128e-01,4.90778051711703356e-01,0.00000000000000000e+00,0.00000000000000000e+00,-8.17910823671484655e-02,3.75798516064499266e-01,0.00000000000000000e+00,0.00000000000000000e+00,9.99999999998776534e-01,1.00000000000210099e+00,1.00000000000235034e+00,1.00000000000161382e+00
3.70000000000000018e+00,7.26641522458150391e-01,-7.45346454571114037e-01,0.00000000000000000e+00,0.00000000000000000e+00,2.88690666296116061e-01,-1.43853639764614429e-02,0.00000000000000000e+00,0.00000000000000000e+00,1.03627453217065502e+00,2.32746111069339401e-01,0.00000000000000000e+00,0.00000000000000000e+00,6.89403308093259892e-02,-3.51116631661106848e-01,0.00000000000000000e+00,0.00000000000000000e+00,9.51429963022666580e-01,5.02888197431371253e-01,0.00000000000000000e+00,0.00000000000000000e+00,-8.42060180226498894e-02,3.88619171142381925e-01,0.00000000000000000e+00,0.00000000000000000e+00,9.99999999998797739e-01,1.00000000000227063e+00,1.00000000000246358e+00,1.00000000000176592e+00
3.80000000000000027e+00,7.11518537969040632e-01,-7.66988722505952181e-01,0.00000000000000000e+00,0.00000000000000000e+00,3.07085370352554621e-01,-1.51296279374260028e-02,0.00000000000000000e+00,0.00000000000000000e+00,1.03859523414485300e+00,2.40769228509211120e-01,0.00000000000000000e+00,0.00000000000000000e+00,6.97865124845063051e-02,-3.63014771680338966e-01,0.00000000000000000e+00,0.00000000000000000e+00,9.50569740996660806e-01,5.14858380744649069e-01,0.00000000000000000e+00,0.00000000000000000e+00,-8.65208146266341210e-02,4.01467474841022520e-01,0.00000000000000000e+00,0.00000000000000000e+00,9.99999999998823053e-01,1.00000000000244382e+00,1.00000000000257749e+00,1.00000000000192202e+00
3.90000000000000036e+00,6.95960443461399958e-01,-7.88860533748880433e-01,0.00000000000000000e+00,0.00000000000000000e+00,3.26206103151772286e-01,-1.58574536808604102e-02,0.00000000000000000e+00,0.00000000000000000e+00,1.04099743793542254e+00,2.48975268923025184e-01,0.00000000000000000e+00,0.00000000000000000e+00,7.04124918424493956e-02,-3.75108559370914918e-01,0.00000000000000000e+00,0.00000000000000000e+00,9.49817053263168010e-01,5.26678717367016769e-01,0.00000000000000000e+00,0.00000000000000000e+00,-8.87275745120106596e-02,4.14331176132592349e-01,0.00000000000000000e+00,0.00000000000000000e+00,9.99999999998851807e-01,1.00000000000262035e+00,1.00000000000269185e+00,1.00000000000208189e+00
4.00000000000000000e+00,6.79962460520447953e-01,-8.10980789469098906e-01,0.00000000000000000e+00,0.00000000000000000e+00,3.46070021210293954e-01,-1.65628809561752938e-02,0.00000000000000000e+00,0.00000000000000000e+00,1.04348207252931235e+00,2.57378217951774235e-01,0.00000000000000000e+00,0.00000000000000000e+00,7.08039952839037562e-02,-3.87408282068338050e-01,0.00000000000000000e+00,0.00000000000000000e+00,9.49177165339466833e-01,5.38338714366538351e-01,0.00000000000000000e+00,0.00000000000000000e+00,-9.08183225954014156e-02,4.27197723385596251e-01,0.00000000000000000e+00,0.00000000000000000e+00,9.99999999998882894e-01,1.00000000000279599e+00,1.00000000000280420e+00,1.00000000000224176e+00
